{
  "overall": {
    "baseline_a0": {
      "spearman": -0.3913118960624632,
      "auc": 0.26666666666666666,
      "n": 14.0
    }
  }
}